<?xml version="1.0"?>
<!DOCTYPE hibernate-mapping PUBLIC
"-//Hibernate/Hibernate Mapping DTD 3.0//EN"
"http://hibernate.sourceforge.net/hibernate-mapping-3.0.dtd">

<hibernate-mapping>
	<class name="many_to_many.EmployeeDetails" table="hr.DelEmployee">

		<id name="employeeId" column="Empid" />
		<property name="employeeName" column="Empname" length="10" />
        <property name="employeeSalary" column="Empsalary" length="10" />
	

        <set name="employeeAddress" cascade="save-update"  table="hr.DelEmpAdd">

			<key column="Empid" />
			<many-to-many column="AId" class="many_to_many.AddressDetails">
             </many-to-many>
		</set>
   </class>
	<class name="many_to_many.AddressDetails" table="hr.DelAddress">

		<id name="addressId" column="AId" />
		<property name="cityName" column="CityName" length="10" />
        <property name="stateName" column="State" length="10" />
	
</class>	
	
</hibernate-mapping>